EC,DB
2.5.1.48,Default
2.7.7.7,Default
3.5.99.2,Default
4.3.2.10,Default
1.1.1.100,Custom
4.2.1.59,Custom
2.3.1.16,Custom
6.2.1.3,Custom
2.3.1.51,Custom
4.2.1.17,Custom
1.2.1.3,Custom
4.2.1.134,Custom
1.1.1.35,Custom
1.1.1.330,Custom
2.4.1.17,Custom
2.3.1.199,Custom
1.14.19.35,Custom
1.14.14.1,Custom
3.1.1.4,Custom
1.3.3.6,Custom
2.3.1.23,Custom
3.4.13.18,Custom
1.1.1.1,Custom
2.3.1.179,Custom
2.5.1.18,Custom
1.2.1.84,Custom
2.4.1.1,Custom
3.2.1.21,Custom
1.14.19.25,Custom
2.7.4.6,Custom
2.4.2.1,Custom
4.1.99.3,Custom
2.3.1.41,Custom
2.3.1.15,Custom
5.3.3.8,Custom
2.1.1.6,Custom
1.17.4.1,Custom
1.14.19.22,Custom
3.1.1.1,Custom
3.5.1.4,Custom
2.8.1.7,Custom
1.3.8.7,Custom
1.1.1.2,Custom
1.3.5.1,Custom
3.1.3.25,Custom
1.1.1.85,Custom
1.14.19.20,Custom
3.1.3.5,Custom
3.4.11.18,Custom
2.3.1.24,Custom
2.5.1.39,Custom
3.1.1.5,Custom
2.1.1.201,Custom
2.1.1.114,Custom
3.2.1.52,Custom
3.6.1.9,Custom
3.3.2.9,Custom
2.5.1.62,Custom
1.1.5.3,Custom
3.1.4.11,Custom
2.1.1.64,Custom
1.11.1.7,Custom
3.1.3.12,Custom
3.2.1.23,Custom
1.17.1.4,Custom
2.5.1.17,Custom
2.3.2.2,Custom
2.1.1.79,Custom
1.8.1.4,Custom
3.1.1.96,Custom
3.1.13.1,Custom
3.2.1.2,Custom
2.3.1.39,Custom
3.2.1.1,Custom
2.8.1.8,Custom
6.2.1.1,Custom
1.1.1.21,Custom
2.7.4.24,Custom
2.3.1.176,Custom
1.1.1.101,Custom
2.3.1.7,Custom
4.1.2.13,Custom
2.1.1.95,Custom
1.14.19.36,Custom
4.2.1.22,Custom
5.5.1.24,Custom
3.5.5.1,Custom
2.7.1.40,Custom
6.2.1.12,Custom
3.2.1.22,Custom
6.3.2.17,Custom
7.1.1.2,Custom
3.5.1.3,Custom
2.5.1.60,Custom
1.2.4.4,Custom
2.6.1.1,Custom
3.2.1.31,Custom
2.4.1.122,Custom
3.5.4.1,Custom
3.1.1.3,Custom
3.1.2.4,Custom
1.3.8.1,Custom
1.3.5.2,Custom
1.1.1.195,Custom
2.7.1.48,Custom
1.2.1.8,Custom
6.3.1.20,Custom
4.4.1.11,Custom
3.4.13.19,Custom
2.5.1.3,Custom
2.7.1.35,Custom
1.3.1.111,Custom
2.7.7.41,Custom
1.1.5.4,Custom
1.3.1.34,Custom
2.3.1.16,Custom
2.1.1.216,Custom
4.1.3.17,Custom
6.3.2.3,Custom
6.3.2.2,Custom
3.1.1.13,Custom
1.17.7.4,Custom
2.6.1.52,Custom
1.14.19.4,Custom
1.6.2.2,Custom
4.1.1.37,Custom
4.2.1.93,Custom
3.5.1.88,Custom
2.5.1.49,Custom
2.4.1.214,Custom
1.2.1.12,Custom
2.7.1.90,Custom
1.8.3.2,Custom
5.5.1.4,Custom
1.8.4.2,Custom
2.8.1.9,Custom
1.2.1.18,Custom
2.7.1.145,Custom
1.5.1.2,Custom
3.5.3.1,Custom
2.4.1.241,Custom
1.3.1.24,Custom
2.3.1.158,Custom
5.1.3.3,Custom
1.2.7.1,Custom
2.3.1.1,Custom
1.14.16.1,Custom
6.1.1.10,Custom
1.3.7.7,Custom
1.13.12.18,Custom
1.11.1.6,Custom
4.3.2.2,Custom
6.2.1.4,Custom
1.14.19.31,Custom
2.7.11.11,Custom
2.7.7.4,Custom
2.8.3.5,Custom
2.3.1.47,Custom
1.2.1.38,Custom
4.2.1.1,Custom
6.3.4.5,Custom
1.1.1.27,Custom
3.3.2.6,Custom
1.1.99.1,Custom
3.5.2.6,Custom
6.4.1.3,Custom
1.3.1.83,Custom
3.1.2.6,Custom
3.1.1.17,Custom
4.2.1.9,Custom
1.3.2.3,Custom
2.1.2.11,Custom
2.4.2.7,Custom
1.13.11.27,Custom
2.4.1.83,Custom
3.7.1.3,Custom
1.14.19.30,Custom
1.1.3.15,Custom
2.4.2.28,Custom
1.14.19.1,Custom
4.2.1.96,Custom
2.4.2.2,Custom
1.1.1.284,Custom
2.1.1.104,Custom
4.1.3.34,Custom
2.1.3.3,Custom
4.3.2.1,Custom
1.14.19.6,Custom
2.6.1.42,Custom
2.4.99.18,Custom
1.5.5.1,Custom
1.8.4.9,Custom
1.17.3.2,Custom
5.1.99.6,Custom
6.1.1.11,Custom
3.5.4.4,Custom
3.1.3.1,Custom
2.7.1.16,Custom
3.1.4.4,Custom
2.2.1.6,Custom
3.6.1.22,Custom
2.3.2.26,Custom
2.8.1.12,Custom
2.7.1.67,Custom
1.1.1.103,Custom
5.3.1.23,Custom
1.5.5.2,Custom
5.3.1.5,Custom
2.1.1.228,Custom
2.2.1.1,Custom
6.2.1.17,Custom
2.7.7.7,Custom
5.1.3.18,Custom
3.2.2.9,Custom
1.1.1.86,Custom
5.3.2.1,Custom
2.6.1.13,Custom
1.1.1.294,Custom
3.5.1.25,Custom
2.4.1.46,Custom
1.2.1.27,Custom
2.5.1.47,Custom
2.4.2.8,Custom
1.3.1.2,Custom
2.3.1.50,Custom
2.7.8.11,Custom
1.4.3.3,Custom
3.1.26.5,Custom
3.1.6.1,Custom
2.3.1.12,Custom
3.4.21.4,Custom
2.6.1.2,Custom
2.7.4.21,Custom
1.1.1.153,Custom
3.5.1.49,Custom
4.1.1.44,Custom
6.3.3.3,Custom
5.3.1.1,Custom
2.5.1.116,Custom
2.1.3.2,Custom
2.7.1.30,Custom
5.4.2.8,Custom
1.8.1.2,Custom
2.1.1.233,Custom
4.1.1.49,Custom
1.2.4.1,Custom
4.2.3.12,Custom
3.4.22.1,Custom
3.4.19.12,Custom
2.7.6.2,Custom
1.8.4.11,Custom
6.1.1.20,Custom
3.4.19.3,Custom
4.1.1.22,Custom
4.6.1.17,Custom
2.7.1.19,Custom
2.5.1.46,Custom
2.1.1.45,Custom
6.3.2.6,Custom
2.4.2.2,Custom
4.6.1.1,Custom
5.3.4.1,Custom
6.1.1.19,Custom
2.5.1.61,Custom
6.3.1.2,Custom
3.4.17.19,Custom
3.6.1.1,Custom
4.2.1.10,Custom
6.3.5.3,Custom
6.4.1.1,Custom
2.5.1.72,Custom
4.1.1.65,Custom
7.1.2.1,Custom
2.1.1.199,Custom
3.1.3.16,Custom
2.4.1.256,Custom
2.7.7.49,Custom
1.5.1.5,Custom
4.2.1.11,Custom
3.2.1.58,Custom
2.7.11.2,Custom
7.2.2.13,Custom
3.1.2.12,Custom
3.6.4.6,Custom
1.3.1.78,Custom
2.7.1.11,Custom
2.3.3.8,Custom
4.2.3.4,Custom
5.3.1.16,Custom
1.1.1.34,Custom
1.12.98.1,Custom
3.4.25.1,Custom
2.4.2.1,Custom
6.3.2.25,Custom
2.3.1.234,Custom
1.2.1.70,Custom
2.4.2.17,Custom
1.1.1.25,Custom
2.4.1.16,Custom
4.2.1.20,Custom
2.7.10.1,Custom
5.3.3.2,Custom
1.1.99.39,Custom
3.4.21.92,Custom
3.1.3.18,Custom
2.4.1.135,Custom
1.14.19.19,Custom
3.5.4.16,Custom
2.7.1.157,Custom
3.1.3.5,Custom
2.5.1.6,Custom
4.2.1.36,Custom
5.4.3.8,Custom
6.1.1.4,Custom
1.7.1.1,Custom
6.2.1.45,Custom
5.1.3.15,Custom
4.2.1.91,Custom
1.17.1.9,Custom
7.1.2.2,Custom
2.5.1.32,Custom
2.4.2.30,Custom
6.3.5.2,Custom
2.3.2.31,Custom
4.2.99.18,Custom
2.7.7.87,Custom
1.15.1.1,Custom
1.1.1.37,Custom
5.6.1.1,Custom
6.1.1.6,Custom
3.4.24.84,Custom
2.3.3.13,Custom
6.1.1.9,Custom
4.2.1.24,Custom
3.11.1.1,Custom
6.3.4.2,Custom
3.5.1.131,Custom
3.4.11.1,Custom
2.6.1.88,Custom
1.14.14.47,Custom
6.3.5.1,Custom
4.3.1.17,Custom
6.1.1.16,Custom
2.7.4.21,Custom
2.5.1.54,Custom
3.1.1.47,Custom
4.2.1.75,Custom
2.3.3.9,Custom
2.5.1.67,Custom
1.2.1.59,Custom
2.1.2.10,Custom
2.7.13.3,Custom
2.1.1.192,Custom
2.7.1.25,Custom
2.6.1.51,Custom
1.3.3.4,Custom
7.6.2.1,Custom
2.7.11.7,Custom
1.11.1.21,Custom
3.2.1.28,Custom
2.7.4.8,Custom
6.1.1.12,Custom
2.4.2.14,Custom
4.4.1.17,Custom
2.1.1.34,Custom
2.1.1.107,Custom
6.4.1.4,Custom
3.5.3.22,Custom
5.4.99.9,Custom
2.7.1.172,Custom
2.7.11.18,Custom
3.2.1.101,Custom
3.4.11.5,Custom
2.5.1.19,Custom
1.1.1.62,Custom
2.4.2.18,Custom
1.14.13.9,Custom
1.5.1.20,Custom
1.13.11.6,Custom
6.3.4.14,Custom
1.8.4.12,Custom
2.3.1.29,Custom
3.4.18.1,Custom
1.1.1.205,Custom
4.2.1.47,Custom
4.2.3.5,Custom
1.16.1.8,Custom
2.4.2.31,Custom
1.1.1.197,Custom
1.1.1.31,Custom
2.7.7.19,Custom
1.3.1.48,Custom
1.13.11.5,Custom
3.4.25.2,Custom
2.7.2.2,Custom
2.5.1.108,Custom
1.8.7.1,Custom
1.1.1.200,Custom
6.1.1.3,Custom
2.3.1.61,Custom
6.3.4.16,Custom
5.1.3.2,Custom
2.7.11.25,Custom
2.7.1.15,Custom
4.1.3.44,Custom
2.3.1.48,Custom
3.2.2.4,Custom
1.1.1.23,Custom
5.3.3.3,Custom
3.5.4.17,Custom
5.2.1.8,Custom
5.4.2.3,Custom
2.1.1.77,Custom
1.8.98.2,Custom
2.3.1.30,Custom
2.7.1.137,Custom
3.4.22.15,Custom
1.6.3.1,Custom
4.1.1.35,Custom
2.7.7.72,Custom
1.2.1.41,Custom
2.7.3.3,Custom
1.5.1.30,Custom
3.2.1.10,Custom
2.7.1.1,Custom
3.5.99.6,Custom
6.4.1.2,Custom
4.2.1.46,Custom
2.6.1.16,Custom
3.5.1.59,Custom
2.4.2.29,Custom
3.1.3.5,Custom
4.1.1.31,Custom
1.20.4.1,Custom
1.1.1.267,Custom
4.1.1.23,Custom
6.1.1.18,Custom
4.2.1.104,Custom
2.7.1.71,Custom
2.1.1.37,Custom
2.7.1.23,Custom
2.7.4.14,Custom
2.7.7.79,Custom
4.1.3.1,Custom
1.1.1.22,Custom
3.4.24.3,Custom
1.1.2.3,Custom
6.1.1.22,Custom
3.5.1.2,Custom
3.6.4.10,Custom
2.7.11.30,Custom
4.1.3.36,Custom
2.6.1.62,Custom
2.7.7.64,Custom
1.1.1.162,Custom
2.4.2.19,Custom
1.1.1.184,Custom
1.1.1.29,Custom
4.2.3.2,Custom
1.1.1.81,Custom
3.4.11.9,Custom
5.4.2.9,Custom
1.18.1.6,Custom
2.1.1.2,Custom
6.3.4.4,Custom
6.3.5.4,Custom
4.3.2.3,Custom
4.1.1.17,Custom
1.1.1.28,Custom
5.3.1.22,Custom
4.2.1.33,Custom
3.13.1.1,Custom
2.7.7.14,Custom
3.4.24.70,Custom
3.2.1.17,Custom
1.5.1.15,Custom
2.6.1.42,Custom
3.5.4.31,Custom
3.1.3.7,Custom
3.5.4.9,Custom
5.4.99.5,Custom
2.7.1.158,Custom
2.7.9.1,Custom
2.3.3.10,Custom
1.1.1.49,Custom
1.11.1.5,Custom
4.2.1.19,Custom
2.7.7.23,Custom
1.4.1.14,Custom
2.5.1.29,Custom
2.3.1.37,Custom
1.1.1.40,Custom
3.1.3.78,Custom
2.7.4.10,Custom
2.7.6.1,Custom
2.6.1.21,Custom
2.2.1.2,Custom
1.18.1.2,Custom
2.5.1.31,Custom
4.1.1.15,Custom
2.3.1.239,Custom
3.5.4.19,Custom
1.6.5.5,Custom
3.6.1.31,Custom
2.7.1.36,Custom
4.2.1.51,Custom
2.7.9.2,Custom
1.11.1.9,Custom
1.8.7.2,Custom
4.4.1.5,Custom
2.1.1.33,Custom
4.3.1.3,Custom
2.1.1.13,Custom
1.8.1.7,Custom
1.14.19.39,Custom
1.13.11.20,Custom
3.1.3.46,Custom
2.7.8.15,Custom
6.1.1.2,Custom
2.1.1.100,Custom
4.2.1.99,Custom
1.3.1.76,Custom
1.14.15.7,Custom
2.3.3.16,Custom
6.1.1.21,Custom
4.3.1.18,Custom
5.4.99.12,Custom
3.4.21.101,Custom
2.3.1.108,Custom
3.5.4.28,Custom
1.5.1.6,Custom
2.1.1.200,Custom
2.8.1.11,Custom
2.5.1.75,Custom
1.1.1.157,Custom
1.3.1.74,Custom
1.10.3.11,Custom
3.5.4.2,Custom
2.3.1.180,Custom
5.4.99.25,Custom
1.1.1.95,Custom
1.14.14.18,Custom
2.6.1.87,Custom
1.11.1.11,Custom
1.1.1.44,Custom
2.5.1.10,Custom
3.5.3.11,Custom
4.6.1.12,Custom
3.5.1.98,Custom
3.6.1.66,Custom
3.4.21.83,Custom
2.7.7.1,Custom
3.6.1.23,Custom
3.7.1.2,Custom
2.6.1.37,Custom
4.6.1.2,Custom
2.7.2.3,Custom
2.1.1.56,Custom
6.3.5.5,Custom
6.1.1.5,Custom
3.5.4.33,Custom
3.4.22.68,Custom
2.5.1.26,Custom
1.14.11.2,Custom
1.7.1.4,Custom
4.1.99.12,Custom
5.2.1.12,Custom
3.1.3.33,Custom
1.7.3.3,Custom
3.6.1.7,Custom
1.2.1.11,Custom
1.13.11.54,Custom
1.16.1.1,Custom
4.2.3.3,Custom
1.23.5.1,Custom
1.14.99.29,Custom
3.5.2.3,Custom
4.1.1.112,Custom
2.4.2.9,Custom
2.4.2.10,Custom
1.1.1.271,Custom
4.3.2.7,Custom
3.1.3.48,Custom
3.4.21.26,Custom
3.2.1.39,Custom
2.5.1.78,Custom
3.5.1.118,Custom
1.10.3.9,Custom
4.1.1.50,Custom
6.1.1.1,Custom
4.1.3.6,Custom
2.5.1.58,Custom
2.7.1.150,Custom
2.6.1.64,Custom
4.1.1.33,Custom
3.1.1.3,Custom
6.3.3.2,Custom
1.7.7.1,Custom
4.1.3.27,Custom
3.4.14.4,Custom
1.3.1.6,Custom
3.5.1.1,Custom
6.3.1.1,Custom
1.7.1.7,Custom
5.4.2.2,Custom
1.2.1.51,Custom
1.7.1.15,Custom
2.5.1.15,Custom
3.2.1.143,Custom
2.9.1.2,Custom
3.4.21.53,Custom
1.17.7.1,Custom
2.4.1.117,Custom
3.2.1.4,Custom
1.1.1.8,Custom
2.6.1.9,Custom
1.4.4.2,Custom
3.1.4.17,Custom
2.1.2.3,Custom
1.1.99.32,Custom
3.4.13.9,Custom
1.3.8.6,Custom
2.7.7.48,Custom
2.7.1.107,Custom
4.3.3.7,Custom
1.2.1.16,Custom
2.1.1.319,Custom
2.6.1.44,Custom
2.1.2.1,Custom
2.3.3.15,Custom
1.1.99.2,Custom
2.7.11.16,Custom
3.4.11.14,Custom
5.4.2.11,Custom
2.5.1.115,Custom
4.2.1.109,Custom
1.4.1.4,Custom
5.1.1.7,Custom
6.3.1.5,Custom
2.4.1.15,Custom
1.1.1.42,Custom
4.3.2.10,Custom
1.3.98.1,Custom
4.2.1.2,Custom
2.7.11.1,Custom
5.3.1.9,Custom
1.4.7.1,Custom
2.1.1.205,Custom
3.3.1.1,Custom
4.4.1.3,Custom
2.7.7.80,Custom
1.2.4.2,Custom
1.14.11.18,Custom
3.5.4.10,Custom
3.4.19.9,Custom
2.5.1.16,Custom
2.3.1.31,Custom
6.5.1.3,Custom
2.7.11.15,Custom
4.3.1.19,Custom
2.1.2.9,Custom
1.3.1.20,Custom
1.5.3.1,Custom
1.97.1.12,Custom
1.8.1.9,Custom
2.7.1.153,Custom
3.1.3.11,Custom
1.12.7.2,Custom
7.1.3.1,Custom
3.4.21.32,Custom
2.7.11.23,Custom
2.3.1.225,Custom
6.3.2.12,Custom
2.7.2.11,Custom
3.5.1.56,Custom
2.2.1.7,Custom
4.3.1.12,Custom
1.11.1.21,Custom
2.7.1.105,Custom
3.4.24.64,Custom
4.99.1.1,Custom
4.3.3.6,Custom
2.3.1.97,Custom
1.3.3.3,Custom
2.3.1.35,Custom
2.7.7.6,Custom
6.3.5.7,Custom
2.5.1.1,Custom
1.3.1.43,Custom
6.5.1.2,Custom
1.1.1.18,Custom
4.4.1.14,Custom
3.4.11.21,Custom
3.5.1.5,Custom
2.7.1.24,Custom
6.2.1.5,Custom
6.1.1.15,Custom
2.7.4.3,Custom
2.1.1.260,Custom
2.5.1.117,Custom
6.3.3.1,Custom
2.1.1.220,Custom
5.3.1.8,Custom
2.4.1.258,Custom
3.2.1.46,Custom
1.4.1.13,Custom
2.7.9.3,Custom
6.3.4.3,Custom
3.1.3.41,Custom
2.3.2.27,Custom
2.7.1.20,Custom
5.4.2.4,Custom
2.7.7.50,Custom
5.4.99.2,Custom
4.2.1.3,Custom
1.14.19.18,Custom
2.7.1.33,Custom
5.3.1.6,Custom
3.1.26.4,Custom
2.7.8.5,Custom
6.1.1.7,Custom
2.7.2.1,Custom
4.2.1.70,Custom
1.1.1.169,Custom
3.1.3.2,Custom
4.2.3.1,Custom
3.2.1.45,Custom
4.1.1.39,Custom
3.4.15.5,Custom
1.4.1.2,Custom
5.1.1.1,Custom
1.1.2.4,Custom
4.2.1.120,Custom
1.1.1.94,Custom
4.1.1.20,Custom
3.5.3.4,Custom
2.7.1.29,Custom
4.2.1.8,Custom
2.7.7.60,Custom
3.2.1.84,Custom
1.14.99.1,Custom
2.7.2.4,Custom
3.5.2.9,Custom
1.6.2.4,Custom
3.4.21.89,Custom
5.1.3.32,Custom
6.1.1.17,Custom
4.99.1.4,Custom
6.6.1.1,Custom
1.1.1.3,Custom
5.1.3.1,Custom
2.7.7.8,Custom
7.3.2.1,Custom
1.17.7.3,Custom
2.4.1.11,Custom
1.1.1.189,Custom
2.1.1.200,Custom
6.1.1.14,Custom
2.7.11.24,Custom
2.3.2.23,Custom
3.1.3.37,Custom
3.4.24.80,Custom
3.2.2.27,Custom
1.1.1.274,Custom
2.5.1.21,Custom
1.16.3.1,Custom
2.8.2.20,Custom
2.7.7.18,Custom
